Prompt,File,Accuracy,Precision,Recall,Kappa
1,act.csv,0.9866666666666667,0.8888888888888888,1.0,0.93368700265252
1,des.csv,0.9926470588235294,0.8,1.0,0.8851351351351355
