Prompt,File,Accuracy,Precision,Recall,Kappa
1,act.csv,0.987012987012987,0.8888888888888888,1.0,0.9339055793991416
1,des.csv,1.0,1.0,1.0,1.0
